{
  "Version": 3,
  "Meta": {
    "Duration": 4.05,
    "Fps": 60.0,
    "Loop": true,
    "AreBeziersRestricted": true,
    "CurveCount": 33,
    "UserDataCount": 0,
    "TotalSegmentCount": 83,
    "TotalPointCount": 83,
    "TotalUserDataSize": 0
  },
  "Curves": [
    {
      "Target": "Parameter",
      "Id": "ParamEyeTeary",
      "Segments": [
        0,
        0,
        0,
        0.217,
        0.6,
        0,
        0.45,
        0,
        0,
        0.667,
        0.6,
        0,
        0.9,
        0,
        0,
        1.117,
        0.6,
        0,
        1.35,
        0,
        0,
        1.567,
        0.6,
        0,
        1.8,
        0,
        0,
        2.017,
        0.6,
        0,
        2.25,
        0,
        0,
        2.467,
        0.6,
        0,
        2.7,
        0,
        0,
        2.917,
        0.6,
        0,
        3.15,
        0,
        0,
        3.367,
        0.6,
        0,
        3.6,
        0,
        0,
        3.817,
        0.6,
        0,
        4.05,
        0
      ]
    },
    {
      "Target": "Parameter",
      "Id": "ParamBrowRX",
      "Segments": [
        0,
        0.5,
        0,
        4.05,
        0.5
      ]
    },
    {
      "Target": "Parameter",
      "Id": "ParamBrowRY",
      "Segments": [
        0,
        -0.3,
        0,
        4.05,
        -0.3
      ]
    },
    {
      "Target": "Parameter",
      "Id": "ParamBrowRAngle",
      "Segments": [
        0,
        0.5,
        0,
        4.05,
        0.5
      ]
    },
    {
      "Target": "Parameter",
      "Id": "ParamBrowRForm",
      "Segments": [
        0,
        0.8,
        0,
        4.05,
        0.8
      ]
    },
    {
      "Target": "Parameter",
      "Id": "ParamBrowWrinkleR",
      "Segments": [
        0,
        0,
        0,
        4.05,
        0
      ]
    },
    {
      "Target": "Parameter",
      "Id": "ParamBrowLX",
      "Segments": [
        0,
        0.5,
        0,
        4.05,
        0.5
      ]
    },
    {
      "Target": "Parameter",
      "Id": "ParamBrowLY",
      "Segments": [
        0,
        -0.3,
        0,
        4.05,
        -0.3
      ]
    },
    {
      "Target": "Parameter",
      "Id": "ParamBrowLAngle",
      "Segments": [
        0,
        0.5,
        0,
        4.05,
        0.5
      ]
    },
    {
      "Target": "Parameter",
      "Id": "ParamBrowLForm",
      "Segments": [
        0,
        0.8,
        0,
        4.05,
        0.8
      ]
    },
    {
      "Target": "Parameter",
      "Id": "ParamBrowWrinkleL",
      "Segments": [
        0,
        0,
        0,
        4.05,
        0
      ]
    },
    {
      "Target": "Parameter",
      "Id": "ParamEyeROpen",
      "Segments": [
        0,
        0.85,
        0,
        4.05,
        0.85
      ]
    },
    {
      "Target": "Parameter",
      "Id": "ParamEyeRSmile",
      "Segments": [
        0,
        1,
        0,
        4.05,
        1
      ]
    },
    {
      "Target": "Parameter",
      "Id": "ParamEyeRForm",
      "Segments": [
        0,
        -0.6,
        0,
        4.05,
        -0.6
      ]
    },
    {
      "Target": "Parameter",
      "Id": "ParamEyeLOpen",
      "Segments": [
        0,
        0.85,
        0,
        4.05,
        0.85
      ]
    },
    {
      "Target": "Parameter",
      "Id": "ParamEyeLSmile",
      "Segments": [
        0,
        1,
        0,
        4.05,
        1
      ]
    },
    {
      "Target": "Parameter",
      "Id": "ParamEyeLForm",
      "Segments": [
        0,
        -0.6,
        0,
        4.05,
        -0.6
      ]
    },
    {
      "Target": "Parameter",
      "Id": "ParamEyeballY",
      "Segments": [
        0,
        0,
        0,
        4.05,
        0
      ]
    },
    {
      "Target": "Parameter",
      "Id": "ParamEyeSize",
      "Segments": [
        0,
        0,
        0,
        4.05,
        0
      ]
    },
    {
      "Target": "Parameter",
      "Id": "ParamTear",
      "Segments": [
        0,
        0,
        0,
        4.05,
        0
      ]
    },
    {
      "Target": "Parameter",
      "Id": "ParamMouthForm",
      "Segments": [
        0,
        0.4,
        0,
        4.05,
        0.4
      ]
    },
    {
      "Target": "Parameter",
      "Id": "ParamMouthOpenY",
      "Segments": [
        0,
        0,
        0,
        4.05,
        0
      ]
    },
    {
      "Target": "Parameter",
      "Id": "ParamMouthForm2",
      "Segments": [
        0,
        0,
        0,
        4.05,
        0
      ]
    },
    {
      "Target": "Parameter",
      "Id": "ParamTeeth",
      "Segments": [
        0,
        0,
        0,
        4.05,
        0
      ]
    },
    {
      "Target": "Parameter",
      "Id": "ParamMouthScaleX",
      "Segments": [
        0,
        0.6,
        0,
        4.05,
        0.6
      ]
    },
    {
      "Target": "Parameter",
      "Id": "ParamMouthScaleY",
      "Segments": [
        0,
        0,
        0,
        4.05,
        0
      ]
    },
    {
      "Target": "Parameter",
      "Id": "ParamMouthPositionY",
      "Segments": [
        0,
        0.2,
        0,
        4.05,
        0.2
      ]
    },
    {
      "Target": "Parameter",
      "Id": "ParamCheek",
      "Segments": [
        0,
        0,
        0,
        4.05,
        0
      ]
    },
    {
      "Target": "Parameter",
      "Id": "ParamFaceShadow",
      "Segments": [
        0,
        0,
        0,
        4.05,
        0
      ]
    },
    {
      "Target": "Parameter",
      "Id": "ParamSweatOn",
      "Segments": [
        0,
        0,
        0,
        4.05,
        0
      ]
    },
    {
      "Target": "Parameter",
      "Id": "ParamSweatOn2",
      "Segments": [
        0,
        0,
        0,
        4.05,
        0
      ]
    },
    {
      "Target": "Parameter",
      "Id": "ParamSweatMove",
      "Segments": [
        0,
        0,
        0,
        4.05,
        0
      ]
    },
    {
      "Target": "Parameter",
      "Id": "ParamCheekAngry",
      "Segments": [
        0,
        0,
        0,
        4.05,
        0
      ]
    }
  ],
  "UserData": []
}